Relative Time,Note,Duration,Start Time,End Time
2.3076899999999996,76,0.2747250000000001,2.3076899999999996,2.5824149999999997
0.32967000000000013,80,0.3021975000000001,2.6373599999999997,2.9395575
0.32967000000000013,80,0.3021975000000001,2.96703,3.2692275
0.32967000000000013,80,0.3021975000000001,3.2967,3.5988975
0.32967000000000013,78,0.16483500000000006,3.62637,3.791205
0.16483500000000006,76,0.16483500000000006,3.791205,3.9560400000000002
0.16483500000000006,83,0.9340649999999999,3.9560400000000002,4.890105
0.9890099999999991,83,0.16483500000000006,4.945049999999999,5.109884999999999
0.16483500000000006,81,0.13736250000000005,5.109884999999999,5.247247499999999
0.16483500000000006,80,0.3021975000000001,5.274719999999999,5.5769174999999995
0.32967000000000013,80,0.3021975000000001,5.6043899999999995,5.9065875
0.32967000000000013,80,0.3021975000000001,5.93406,6.2362575
0.32967000000000013,78,0.16483500000000006,6.26373,6.428565
0.16483500000000006,76,0.16483500000000006,6.428565,6.5934
0.16483500000000006,83,0.9340649999999995,6.5934,7.527464999999999
0.9890099999999986,83,0.16483500000000006,7.5824099999999985,7.747244999999999
0.16483500000000006,81,0.13736250000000005,7.747244999999999,7.884607499999999
0.16483500000000006,80,0.30219749999999923,7.912079999999999,8.214277499999998
0.32966999999999924,81,0.16483500000000006,8.241749999999998,8.406584999999998
0.16483500000000006,83,0.13736250000000005,8.406584999999998,8.543947499999998
0.16483500000000006,81,0.3021975000000001,8.571419999999998,8.873617499999998
0.32967000000000013,80,0.3021975000000001,8.901089999999998,9.203287499999998
0.32967000000000013,78,0.3021975000000001,9.230759999999998,9.532957499999998
0.32967000000000013,75,0.3021975000000001,9.560429999999998,9.862627499999999
0.32967000000000013,71,0.3055552499999994,9.890099999999999,10.195655249999998
0.33333299999999966,76,0.2777775000000009,10.223432999999998,10.5012105
0.33333300000000143,80,0.3055552499999994,10.556766,10.862321249999999
0.33333299999999966,80,0.3055552499999994,10.890099,11.195654249999999
0.33333299999999966,80,0.3055552499999994,11.223431999999999,11.528987249999998
0.33333299999999966,78,0.16666649999999983,11.556764999999999,11.723431499999998
0.16666649999999983,76,0.13888874999999956,11.723431499999998,11.862320249999998
0.16666649999999983,83,0.9444435000000002,11.890097999999998,12.834541499999998
0.9999990000000007,83,0.13888874999999956,12.890096999999999,13.028985749999999
0.16666649999999983,81,0.13888874999999956,13.056763499999999,13.195652249999998
0.16666649999999983,80,0.3055552499999994,13.223429999999999,13.528985249999998
0.33333299999999966,80,0.3055552499999994,13.556762999999998,13.862318249999998
0.33333299999999966,80,0.3055552499999994,13.890095999999998,14.195651249999997
0.33333299999999966,78,0.16666649999999983,14.223428999999998,14.390095499999997
0.16666649999999983,76,0.13888874999999956,14.390095499999997,14.528984249999997
0.16666649999999983,83,0.9444435000000002,14.556761999999997,15.501205499999998
0.9999990000000007,83,0.16666649999999983,15.556760999999998,15.723427499999998
0.16666649999999983,81,0.13888874999999956,15.723427499999998,15.862316249999997
0.16666649999999983,80,0.2777774999999991,15.890093999999998,16.167871499999997
0.3333329999999961,81,0.13888874999999956,16.223426999999994,16.362315749999993
0.16666649999999805,83,0.13888874999999956,16.390093499999992,16.52898224999999
0.16666649999999805,81,0.30555525000000117,16.55675999999999,16.86231524999999
0.33333299999999966,80,0.30555525000000117,16.89009299999999,17.19564824999999
0.33333299999999966,78,0.6388882500000008,17.22342599999999,17.86231424999999
0.999998999999999,76,0.2777774999999991,18.223424999999988,18.501202499999987
0.3333329999999961,83,0.30219749999999834,18.556757999999984,18.858955499999983
0.3296699999999966,81,0.1923074999999983,18.88642799999998,19.07873549999998
0.16483500000000006,80,0.13736249999999828,19.05126299999998,19.18862549999998
0.1648349999999965,81,0.2747250000000001,19.216097999999977,19.490822999999978
0.3296699999999966,83,0.30219749999999834,19.545767999999974,19.847965499999972
0.3296699999999966,85,0.30219749999999834,19.87543799999997,20.17763549999997
0.3296699999999966,83,0.6318674999999985,20.205107999999967,20.836975499999966
0.6593400000000003,76,0.2747250000000001,20.864447999999967,21.139172999999968
0.3296699999999966,83,0.30219749999999834,21.194117999999964,21.496315499999962
0.3296699999999966,81,0.1923074999999983,21.52378799999996,21.71609549999996
0.16483500000000006,80,0.13736249999999828,21.68862299999996,21.82598549999996
0.1648349999999965,81,0.2747250000000001,21.853457999999957,22.128182999999957
0.3296699999999966,83,0.30219749999999834,22.183127999999954,22.485325499999952
0.3296699999999966,85,0.30219749999999834,22.51279799999995,22.81499549999995
0.3296699999999966,83,0.6318674999999985,22.842467999999947,23.474335499999945
0.6593400000000003,76,0.30219749999999834,23.501807999999947,23.804005499999946
0.3296699999999966,85,0.30219749999999834,23.831477999999944,24.133675499999942
0.3296699999999966,83,0.6318674999999985,24.16114799999994,24.79301549999994
0.6593400000000003,81,0.30219749999999834,24.82048799999994,25.12268549999994
0.3296699999999966,80,0.30219749999999834,25.150157999999937,25.452355499999936
0.3296699999999966,78,0.16483500000000006,25.479827999999934,25.644662999999934
0.16483500000000006,76,0.15796687499999962,25.644662999999934,25.802629874999933
0.16483500000000006,78,0.659339999999986,25.809497999999934,26.46883799999992
0.659339999999986,76,0.6460671249999983,26.46883799999992,27.11490512499992
1.007489999999997,76,0.2777774999999991,27.476327999999917,27.754105499999916
0.3333329999999961,83,0.30555525000000117,27.809660999999913,28.115216249999914
0.33333299999999966,81,0.1944442500000001,28.142993999999913,28.337438249999913
0.1666665000000016,80,0.13888874999999956,28.309660499999914,28.448549249999914
0.16666649999999805,81,0.2777774999999991,28.476326999999912,28.75410449999991
0.3333329999999961,83,0.30555525000000117,28.80965999999991,29.11521524999991
0.33333299999999966,85,0.30555525000000117,29.142992999999908,29.44854824999991
0.33333299999999966,83,0.6388882500000008,29.476325999999908,30.11521424999991
0.6666659999999993,76,0.2777774999999991,30.142991999999907,30.420769499999906
0.3333329999999961,83,0.30555525000000117,30.476324999999903,30.781880249999904
0.33333299999999966,81,0.1944442500000001,30.809657999999903,31.004102249999903
0.1666665000000016,80,0.13888874999999956,30.976324499999905,31.115213249999904
0.16666649999999805,81,0.2777774999999991,31.142990999999903,31.4207684999999
0.3333329999999961,83,0.30555525000000117,31.4763239999999,31.7818792499999
0.33333299999999966,85,0.30555525000000117,31.8096569999999,32.1152122499999
0.33333299999999966,83,0.6388882500000008,32.1429899999999,32.7818782499999
0.6666660000000064,76,0.2777774999999991,32.809655999999904,33.087433499999904
0.3333329999999961,85,0.3055552499999976,33.1429889999999,33.4485442499999
0.3333329999999961,83,0.6388882500000008,33.4763219999999,34.1152102499999
0.6666660000000064,81,0.2777774999999991,34.1429879999999,34.4207654999999
0.3333329999999961,80,0.2777774999999991,34.4763209999999,34.7540984999999
0.3333329999999961,78,0.16666649999999805,34.809653999999895,34.97632049999989
0.16666649999999805,76,0.15972206250000198,34.97632049999989,35.136042562499895
0.16666650000000516,78,0.6597215625000175,35.1429869999999,35.802708562499916
0.6666660000000206,83,0.583332750000018,35.80965299999992,36.39298574999994
0.6666660000000206,83,0.5769224999999878,36.47631899999994,37.05324149999993
0.659339999999986,83,0.5769224999999878,37.135658999999926,37.712581499999914
0.659339999999986,83,0.5769224999999878,37.79499899999991,38.3719214999999
0.659339999999986,83,0.5769224999999878,38.4543389999999,39.031261499999886
0.659339999999986,83,0.5769224999999878,39.113678999999884,39.69060149999987
0.659339999999986,83,0.27472499999999656,39.77301899999987,40.04774399999987
0.329669999999993,83,0.27472499999999656,40.10268899999986,40.37741399999986
0.329669999999993,83,0.27472499999999656,40.432358999999856,40.70708399999985
0.329669999999993,83,0.27472499999999656,40.76202899999985,41.036753999999846
0.329669999999993,83,0.27472499999999656,41.09169899999984,41.36642399999984
0.329669999999993,83,0.27472499999999656,41.421368999999835,41.69609399999983
0.32967000000000013,83,0.27472499999999656,41.751038999999835,42.02576399999983
0.329669999999993,83,0.27472499999999656,42.08070899999983,42.355433999999825
0.32967000000000013,83,0.27472499999999656,42.41037899999983,42.685103999999825
0.329669999999993,83,0.27472499999999656,42.74004899999982,43.01477399999982
0.32967000000000013,83,0.27472499999999656,43.06971899999982,43.34444399999982
0.329669999999993,83,0.27472499999999656,43.399388999999815,43.67411399999981
0.32967000000000013,83,0.27472499999999656,43.729058999999815,44.00378399999981
0.329669999999993,83,0.27472499999999656,44.05872899999981,44.333453999999804
0.32967000000000013,83,0.27472499999999656,44.38839899999981,44.663123999999804
0.329669999999993,85,0.1923074999999983,44.7180689999998,44.9103764999998
0.1648349999999965,87,0.1923075000000054,44.8829039999998,45.0752114999998
0.16483500000000362,88,0.1923075000000054,45.0477389999998,45.240046499999806
0.16483500000000362,87,0.1923074999999983,45.212573999999805,45.4048814999998
0.1648349999999965,85,0.1923075000000054,45.3774089999998,45.56971649999981
0.16483500000000362,83,0.08241749999999826,45.542243999999805,45.6246614999998
0.1648349999999965,83,0.027472500000001787,45.7070789999998,45.7345514999998
0.16483500000000362,80,0.1923074999999983,45.871913999999805,46.0642214999998
0.1648349999999965,83,0.24725250000000187,46.0367489999998,46.2840014999998
0.16483500000000362,76,0.1923074999999983,46.201583999999805,46.3938914999998
0.1648349999999965,83,0.24725250000000187,46.3664189999998,46.6136714999998
0.32967000000000013,83,0.24725250000000187,46.6960889999998,46.9433414999998
0.32967000000000013,83,0.24725250000000187,47.0257589999998,47.273011499999804
0.32967000000000013,83,0.24725250000000187,47.3554289999998,47.602681499999804
0.32967000000000013,83,0.24725250000000187,47.6850989999998,47.932351499999804
0.32967000000000013,83,0.24725250000000187,48.0147689999998,48.262021499999804
0.32967000000000013,83,0.24725250000000187,48.3444389999998,48.591691499999804
0.32967000000000013,83,0.24725250000000187,48.6741089999998,48.921361499999804
0.32967000000000013,83,0.24725250000000187,49.0037789999998,49.251031499999804
0.32967000000000013,83,0.24725250000000187,49.3334489999998,49.580701499999805
0.32967000000000013,83,0.24725250000000187,49.6631189999998,49.910371499999805
0.32967000000000013,85,0.1923074999999983,49.9927889999998,50.1850964999998
0.1648349999999965,87,0.1923075000000054,50.1576239999998,50.349931499999805
0.16483500000000362,88,0.1923075000000054,50.3224589999998,50.51476649999981
0.16483500000000362,87,0.1923075000000054,50.48729399999981,50.67960149999981
0.16483500000000362,85,0.1923075000000054,50.65212899999981,50.844436499999816
0.16483500000000362,83,0.1923075000000054,50.816963999999814,51.00927149999982
0.16483500000000362,81,0.1923075000000054,50.98179899999982,51.17410649999982
0.16483500000000362,80,0.1923075000000054,51.14663399999982,51.33894149999983
0.16483500000000362,88,0.27472500000000366,51.311468999999825,51.58619399999983
0.16483500000000362,76,0.1923074999999983,51.47630399999983,51.66861149999983
0.1648349999999965,88,0.27472500000000366,51.641138999999825,51.91586399999983
0.32967000000000013,88,0.27472499999999656,51.970808999999825,52.24553399999982
0.329669999999993,88,0.27472499999999656,52.30047899999982,52.575203999999815
0.329669999999993,88,0.27472499999999656,52.63014899999981,52.90487399999981
0.329669999999993,88,0.24725249999999477,52.959818999999804,53.2070714999998
0.329669999999993,88,0.24725249999999477,53.2894889999998,53.53674149999979
0.329669999999993,88,0.24725249999999477,53.61915899999979,53.866411499999785
0.329669999999993,88,0.24725250000000187,53.94882899999978,54.196081499999785
0.32967000000000013,88,0.27472499999999656,54.27849899999978,54.55322399999978
0.329669999999993,88,0.27472499999999656,54.608168999999776,54.88289399999977
0.329669999999993,88,0.27472499999999656,54.93783899999977,55.212563999999766
0.329669999999993,88,0.27472499999999656,55.26750899999976,55.54223399999976
0.329669999999993,88,0.24725249999999477,55.597178999999755,55.84443149999975
0.329669999999993,88,0.24725249999999477,55.92684899999975,56.17410149999974
0.329669999999993,88,0.24725250000000187,56.25651899999974,56.50377149999974
0.32967000000000013,88,0.24725250000000187,56.58618899999974,56.83344149999974
0.32967000000000013,83,0.8516474999999843,56.91585899999974,57.767506499999726
0.8241749999999826,88,0.1648349999999965,57.740033999999724,57.90486899999972
0.1648349999999965,83,0.1923074999999983,57.90486899999972,58.09717649999972
0.1648349999999965,85,0.1648349999999965,58.06970399999972,58.234538999999714
0.1648349999999965,83,0.8516474999999986,58.234538999999714,59.08618649999971
0.6593400000000003,80,0.5769224999999878,58.893878999999714,59.4708014999997
0.1648349999999965,88,0.1648349999999965,59.05871399999971,59.22354899999971
0.1648349999999965,83,0.1923074999999983,59.22354899999971,59.415856499999705
0.1648349999999965,85,0.1648349999999965,59.388383999999704,59.5532189999997
0.1648349999999965,83,0.1923074999999983,59.5532189999997,59.7455264999997
0.1648349999999965,88,0.16483500000000362,59.7180539999997,59.8828889999997
0.16483500000000362,83,0.1923074999999983,59.8828889999997,60.0751964999997
0.1648349999999965,85,0.1648349999999965,60.0477239999997,60.21255899999969
0.1648349999999965,83,0.1923074999999983,60.21255899999969,60.40486649999969
0.1648349999999965,88,0.1648349999999965,60.37739399999969,60.542228999999686
0.1648349999999965,83,0.1923074999999983,60.542228999999686,60.734536499999685
0.1648349999999965,85,0.1648349999999965,60.70706399999968,60.87189899999968
0.1648349999999965,83,0.1923074999999983,60.87189899999968,61.06420649999968
0.1648349999999965,88,0.16483500000000362,61.036733999999676,61.20156899999968
0.16483500000000362,83,0.1923074999999983,61.20156899999968,61.39387649999968
0.1648349999999965,85,0.1648349999999965,61.366403999999676,61.53123899999967
0.1648349999999965,83,0.1923074999999983,61.53123899999967,61.72354649999967
0.1648349999999965,88,0.1648349999999965,61.69607399999967,61.860908999999666
0.1648349999999965,83,0.1923074999999983,61.860908999999666,62.053216499999664
0.1648349999999965,85,0.1648349999999965,62.02574399999966,62.19057899999966
0.1648349999999965,83,0.27472499999999656,62.19057899999966,62.465303999999655
0.329669999999993,76,0.30219749999999834,62.52024899999965,62.82244649999965
0.329669999999993,80,0.5769224999999878,62.849918999999645,63.42684149999963
0.1648349999999965,88,0.1648349999999965,63.01475399999964,63.17958899999964
0.1648349999999965,83,0.1923074999999983,63.17958899999964,63.371896499999636
0.1648349999999965,85,0.1648349999999965,63.344423999999634,63.50925899999963
0.1648349999999965,83,0.8516475000000128,63.50925899999963,64.36090649999964
0.6593400000000003,80,0.5769225000000375,64.16859899999963,64.74552149999967
0.16483500000001072,88,0.16483500000001072,64.33343399999964,64.49826899999965
0.16483500000001072,83,0.1923075000000125,64.49826899999965,64.69057649999966
0.16483500000001072,85,0.16483500000001072,64.66310399999966,64.82793899999967
0.16483500000001072,83,0.1923074999999983,64.82793899999967,65.02024649999967
0.1648349999999965,88,0.1648349999999965,64.99277399999967,65.15760899999967
0.1648349999999965,83,0.1923074999999983,65.15760899999967,65.34991649999967
0.1648349999999965,85,0.1648349999999965,65.32244399999966,65.48727899999966
0.1648349999999965,83,0.1923075000000125,65.48727899999966,65.67958649999967
0.16483500000001072,88,0.16483500000001072,65.65211399999967,65.81694899999968
0.16483500000001072,83,0.1923075000000125,65.81694899999968,66.0092564999997
0.16483500000001072,85,0.16483500000001072,65.98178399999969,66.1466189999997
0.16483500000001072,83,0.1923074999999983,66.1466189999997,66.3389264999997
0.1648349999999965,88,0.1648349999999965,66.3114539999997,66.4762889999997
0.1648349999999965,83,0.1923074999999983,66.4762889999997,66.6685964999997
0.1648349999999965,85,0.1648349999999965,66.64112399999969,66.80595899999969
0.1648349999999965,83,0.1923075000000125,66.80595899999969,66.9982664999997
0.16483500000001072,88,0.16483500000001072,66.9707939999997,67.13562899999971
0.16483500000001072,83,0.1923075000000125,67.13562899999971,67.32793649999972
0.16483500000001072,85,0.1648349999999965,67.30046399999972,67.46529899999972
0.1648349999999965,88,0.6043949999999967,67.46529899999972,68.06969399999971
0.329669999999993,76,0.30219750000000545,67.79496899999971,68.09716649999972
0.32967000000000724,88,0.6043949999999967,68.12463899999972,68.72903399999971
0.659339999999986,88,0.6318675000000411,68.7839789999997,69.41584649999974
0.6593400000000429,88,0.6318675000000269,69.44331899999975,70.07518649999977
0.6593400000000287,88,0.6043950000000393,70.10265899999978,70.70705399999981
0.6593400000000429,88,0.6111104999999668,70.76199899999982,71.37310949999979
0.6666659999999638,88,0.6460671250000303,71.42866499999978,72.07473212499981
0.6741570000000365,88,0.6460671250000303,72.10282199999982,72.74888912499985
0.6741570000000223,88,0.6818180000000211,72.77697899999984,73.45879699999986
1.0227270000000175,76,0.2840908333333374,73.79970599999986,74.0837968333332
0.34090899999999635,83,0.30219750000000545,74.14061499999985,74.44281249999986
0.32967000000000724,81,0.1648349999999965,74.47028499999986,74.63511999999986
0.1648349999999965,80,0.1648349999999965,74.63511999999986,74.79995499999985
0.1648349999999965,81,0.30219750000000545,74.79995499999985,75.10215249999986
0.32967000000000724,83,0.30219750000000545,75.12962499999986,75.43182249999987
0.32967000000000724,85,0.30219750000000545,75.45929499999987,75.76149249999987
0.32967000000000724,83,0.6318674999999985,75.78896499999988,76.42083249999988
0.6593400000000003,76,0.27472500000000366,76.44830499999988,76.72302999999988
0.32967000000000724,83,0.30219750000000545,76.77797499999988,77.08017249999989
0.32967000000000724,81,0.13736249999999472,77.10764499999989,77.24500749999989
0.1648349999999965,80,0.1648349999999965,77.27247999999989,77.43731499999988
0.1648349999999965,81,0.30219750000000545,77.43731499999988,77.73951249999989
0.32967000000000724,83,0.27472500000000366,77.76698499999989,78.0417099999999
0.32967000000000724,85,0.30219750000000545,78.0966549999999,78.3988524999999
0.32967000000000724,83,0.6318674999999985,78.4263249999999,79.0581924999999
0.6593400000000003,76,0.30219750000000545,79.0856649999999,79.38786249999991
0.32967000000000724,85,0.30219750000000545,79.41533499999991,79.71753249999992
0.32967000000000724,83,0.6318674999999985,79.74500499999992,80.37687249999992
0.6593400000000003,81,0.27472500000000366,80.40434499999992,80.67906999999992
0.32967000000000724,80,0.30219750000000545,80.73401499999993,81.03621249999993
0.32967000000000724,78,0.13736249999999472,81.06368499999994,81.20104749999993
0.1648349999999965,76,0.13736249999999472,81.22851999999993,81.36588249999993
0.1648349999999965,78,0.67219039583334,81.39335499999993,82.06554539583327
0.6792926666666688,76,0.2840908333333374,82.0726476666666,82.35673849999993
0.34090899999999635,68,0.19662912500000118,82.4135566666666,82.6101857916666
0.16853924999999492,69,0.16853925000000913,82.58209591666659,82.7506351666666
0.16853925000000913,71,0.19662912500000118,82.7506351666666,82.9472642916666
0.16853924999999492,69,0.16853925000000913,82.91917441666659,83.0877136666666
0.16853925000000913,71,0.19662912500000118,83.0877136666666,83.2843427916666
0.16853924999999492,69,0.16853925000000913,83.2562529166666,83.4247921666666
0.16853925000000913,68,0.19662912500000118,83.4247921666666,83.6214212916666
0.16853924999999492,69,0.16853925000000913,83.5933314166666,83.76187066666661
0.16853925000000913,68,0.19662912500000118,83.76187066666661,83.95849979166661
0.16853924999999492,69,0.16853925000000913,83.9304099166666,84.09894916666661
0.16853925000000913,71,0.19662912500000118,84.09894916666661,84.29557829166662
0.16853924999999492,69,0.16853925000000913,84.26748841666661,84.43602766666662
0.16853925000000913,71,0.19662912500000118,84.43602766666662,84.63265679166662
0.16853924999999492,69,0.16853925000000913,84.60456691666661,84.77310616666662
0.16853925000000913,68,0.19662912500000118,84.77310616666662,84.96973529166662
0.16853924999999492,69,0.16853925000000913,84.94164541666662,85.11018466666663
0.16853925000000913,68,0.19662912500000118,85.11018466666663,85.30681379166663
0.16853924999999492,69,0.16853925000000913,85.27872391666662,85.44726316666663
0.16853925000000913,71,0.19662912500000118,85.44726316666663,85.64389229166663
0.16853924999999492,69,0.16853925000000913,85.61580241666663,85.78434166666663
0.16853925000000913,71,0.19662912500000118,85.78434166666663,85.98097079166664
0.16853924999999492,69,0.16853925000000913,85.95288091666663,86.12142016666664
0.16853925000000913,68,0.19662912500000118,86.12142016666664,86.31804929166664
0.16853924999999492,69,0.16853925000000913,86.28995941666663,86.45849866666664
0.16853925000000913,68,0.19662912500000118,86.45849866666664,86.65512779166664
0.16853924999999492,69,0.16853925000000913,86.62703791666664,86.79557716666665
0.16853925000000913,71,0.19662912500000118,86.79557716666665,86.99220629166665
0.16853924999999492,73,0.16853925000000913,86.96411641666664,87.13265566666665
0.16853925000000913,71,0.19662912500000118,87.13265566666665,87.32928479166665
0.16853924999999492,73,0.16853925000000913,87.30119491666665,87.46973416666665
0.16853925000000913,75,0.19662912500000118,87.46973416666665,87.66636329166666
0.16853924999999492,76,0.16853925000000913,87.63827341666665,87.80681266666666
0.16853925000000913,75,0.19662912500000118,87.80681266666666,88.00344179166666
0.16853924999999492,76,0.16853925000000913,87.97535191666665,88.14389116666666
0.16853925000000913,78,0.19662912500000118,88.14389116666666,88.34052029166666
0.16853924999999492,76,0.16853925000000913,88.31243041666666,88.48096966666667
0.16853925000000913,78,0.19662912500000118,88.48096966666667,88.67759879166667
0.16853924999999492,76,0.16853925000000913,88.64950891666666,88.81804816666667
0.16853925000000913,75,0.19662912500000118,88.81804816666667,89.01467729166667
0.16853924999999492,76,0.16853925000000913,88.98658741666667,89.15512666666667
0.16853925000000913,75,0.19662912500000118,89.15512666666667,89.35175579166668
0.16853924999999492,76,0.16853925000000913,89.32366591666667,89.49220516666668
0.16853925000000913,78,0.19662912500000118,89.49220516666668,89.68883429166668
0.16853924999999492,76,0.16853925000000913,89.66074441666667,89.82928366666668
0.16853925000000913,78,0.19662912500000118,89.82928366666668,90.02591279166668
0.16853924999999492,76,0.16853925000000913,89.99782291666668,90.16636216666669
0.16853925000000913,75,0.19662912500000118,90.16636216666669,90.36299129166669
0.16853924999999492,76,0.16853925000000913,90.33490141666668,90.50344066666669
0.16853925000000913,75,0.19662912500000118,90.50344066666669,90.70006979166669
0.16853924999999492,76,0.16853925000000913,90.67197991666669,90.8405191666667
0.16853925000000913,78,0.19662912500000118,90.8405191666667,91.0371482916667
0.16853924999999492,80,0.16853925000000913,91.00905841666669,91.1775976666667
0.16853925000000913,78,0.19662912500000118,91.1775976666667,91.3742267916667
0.16853924999999492,80,0.16853925000000913,91.3461369166667,91.5146761666667
0.16853925000000913,81,0.19662912500000118,91.5146761666667,91.7113052916667
0.16853924999999492,80,0.16853925000000913,91.6832154166667,91.85175466666671
0.16853925000000913,81,0.19662912500000118,91.85175466666671,92.04838379166671
0.16853924999999492,80,0.16853925000000913,92.0202939166667,92.18883316666671
0.16853925000000913,78,0.19662912500000118,92.18883316666671,92.38546229166671
0.16853924999999492,81,0.16853925000000913,92.3573724166667,92.52591166666672
0.16853925000000913,80,0.19662912500000118,92.52591166666672,92.72254079166672
0.16853924999999492,78,0.16853925000000913,92.69445091666671,92.86299016666672
0.16853925000000913,80,0.3089886249999978,92.86299016666672,93.17197879166672
0.33707850000000406,78,0.19662912500000118,93.20006866666672,93.39669779166672
0.16853924999999492,76,0.16853925000000913,93.36860791666672,93.53714716666673
0.16853925000000913,75,0.19662912500000118,93.53714716666673,93.73377629166673
0.16853924999999492,73,0.16853925000000913,93.70568641666672,93.87422566666673
0.16853925000000913,71,0.19662912500000118,93.87422566666673,94.07085479166673
0.16853924999999492,69,0.16853925000000913,94.04276491666673,94.21130416666674
0.16853925000000913,68,0.19662912500000118,94.21130416666674,94.40793329166674
0.16853924999999492,69,0.16853925000000913,94.37984341666673,94.54838266666674
0.16853925000000913,68,0.19662912500000118,94.54838266666674,94.74501179166674
0.16853924999999492,69,0.16853925000000913,94.71692191666673,94.88546116666674
0.16853925000000913,71,0.19662912500000118,94.88546116666674,95.08209029166674
0.16853924999999492,69,0.16853925000000913,95.05400041666674,95.22253966666675
0.16853925000000913,71,0.19662912500000118,95.22253966666675,95.41916879166675
0.16853924999999492,69,0.16853925000000913,95.39107891666674,95.55961816666675
0.16853925000000913,68,0.19662912500000118,95.55961816666675,95.75624729166675
0.16853924999999492,69,0.16853925000000913,95.72815741666675,95.89669666666676
0.16853925000000913,68,0.19662912500000118,95.89669666666676,96.09332579166676
0.16853924999999492,69,0.16853925000000913,96.06523591666675,96.23377516666676
0.16853925000000913,71,0.19662912500000118,96.23377516666676,96.43040429166676
0.16853924999999492,69,0.16853925000000913,96.40231441666675,96.57085366666676
0.16853925000000913,71,0.19662912500000118,96.57085366666676,96.76748279166677
0.16853924999999492,69,0.16853925000000913,96.73939291666676,96.90793216666677
0.16853925000000913,68,0.19662912500000118,96.90793216666677,97.10456129166677
0.16853924999999492,69,0.16853925000000913,97.07647141666676,97.24501066666677
0.16853925000000913,68,0.19662912500000118,97.24501066666677,97.44163979166677
0.16853924999999492,69,0.16853925000000913,97.41354991666677,97.58208916666678
0.16853925000000913,71,0.19662912500000118,97.58208916666678,97.77871829166678
0.16853924999999492,69,0.16853925000000913,97.75062841666677,97.91916766666678
0.16853925000000913,71,0.19662912500000118,97.91916766666678,98.11579679166678
0.16853924999999492,69,0.16853925000000913,98.08770691666678,98.25624616666678
0.16853925000000913,68,0.6460671250000019,98.25624616666678,98.90231329166679
1.011235499999998,80,0.3089886249999978,99.26748166666678,99.57647029166678
0.33707850000000406,81,1.3202241249999958,99.60456016666679,100.92478429166678
1.348314000000002,80,1.3202241249999958,100.95287416666679,102.27309829166678
1.348314000000002,78,1.3202241249999958,102.30118816666679,103.62141229166679
1.348314000000002,80,1.3202241249999958,103.64950216666679,104.96972629166679
1.348314000000002,81,1.3202241249999958,104.9978161666668,106.31804029166679
1.348314000000002,80,1.3202241249999958,106.3461301666668,107.66635429166679
1.348314000000002,78,0.7098758333333279,107.6944441666668,108.40432000000013
1.090389999999985,75,0.30219750000000545,108.78483416666678,109.08703166666679
0.32967000000000724,78,0.30219750000000545,109.11450416666679,109.4167016666668
0.32967000000000724,76,0.1648349999999965,109.4441741666668,109.6090091666668
0.1648349999999965,75,0.13736249999999472,109.6090091666668,109.74637166666679
0.1648349999999965,76,0.30219750000000545,109.77384416666679,110.0760416666668
0.32967000000000724,78,0.30219750000000545,110.1035141666668,110.4057116666668
0.32967000000000724,80,0.30219750000000545,110.4331841666668,110.73538166666681
0.32967000000000724,78,0.6318674999999985,110.76285416666681,111.39472166666681
0.6593400000000003,71,0.27472500000000366,111.42219416666681,111.69691916666682
0.32967000000000724,78,0.30219750000000545,111.75186416666682,112.05406166666683
0.32967000000000724,76,0.1648349999999965,112.08153416666683,112.24636916666682
0.1648349999999965,75,0.1648349999999965,112.24636916666682,112.41120416666682
0.1648349999999965,76,0.30219750000000545,112.41120416666682,112.71340166666683
0.32967000000000724,78,0.30219750000000545,112.74087416666683,113.04307166666683
0.32967000000000724,80,0.30219750000000545,113.07054416666683,113.37274166666684
0.32967000000000724,78,0.6318674999999985,113.40021416666684,114.03208166666684
0.6593400000000003,71,0.27472500000000366,114.05955416666684,114.33427916666685
0.32967000000000724,80,0.27472500000000366,114.38922416666685,114.66394916666685
0.32967000000000724,78,0.6318674999999985,114.71889416666686,115.35076166666686
0.6593400000000003,76,0.27472500000000366,115.37823416666686,115.65295916666686
0.32967000000000724,75,0.27472500000000366,115.70790416666686,115.98262916666687
0.32967000000000724,73,0.13736249999999472,116.03757416666687,116.17493666666687
0.1648349999999965,71,0.13736249999999472,116.20240916666687,116.33977166666686
0.1648349999999965,73,0.6318674999999985,116.36724416666686,116.99911166666686
0.6593400000000003,71,0.13736249999999472,117.02658416666686,117.16394666666686
0.1648349999999965,59,0.06868124999999736,117.19141916666686,117.26010041666686
0.08241749999999115,59,0.06868124999999736,117.27383666666685,117.34251791666685
0.08241749999999115,59,0.06868124999999736,117.35625416666684,117.42493541666684
0.08241749999999115,59,0.06868124999999736,117.43867166666683,117.50735291666683
0.08241749999999115,59,0.06868124999999736,117.52108916666683,117.58977041666682
0.08241749999999115,59,0.06868124999999736,117.60350666666682,117.67218791666681
0.08241749999999115,59,0.06868124999999736,117.68592416666681,117.7546054166668
0.08241749999999115,59,0.06868124999999736,117.7683416666668,117.8370229166668
0.08241749999999115,59,0.06868124999999736,117.85075916666679,117.91944041666679
0.08241749999999115,59,0.06868124999999736,117.93317666666678,118.00185791666678
0.08241749999999115,59,0.06868124999999736,118.01559416666677,118.08427541666677
0.08241749999999115,59,0.06868124999999736,118.09801166666676,118.16669291666676
0.08241749999999115,59,0.06868124999999736,118.18042916666676,118.24911041666675
0.08241749999999115,59,0.06868124999999736,118.26284666666675,118.33152791666674
0.08241749999999115,59,0.06868124999999736,118.34526416666674,118.41394541666673
0.08241749999999115,59,0.06868124999999736,118.42768166666673,118.49636291666673
0.08241749999999115,59,0.06868124999999736,118.51009916666672,118.57878041666672
0.08241749999999115,59,0.06868124999999736,118.59251666666671,118.66119791666671
0.08241749999999115,59,0.06868124999999736,118.6749341666667,118.7436154166667
0.08241749999999115,59,0.06868124999999736,118.7573516666667,118.82603291666669
0.08241749999999115,59,0.06868124999999736,118.83976916666668,118.90845041666668
0.08241749999999115,59,0.06868124999999736,118.92218666666668,118.99086791666667
0.08241749999999115,59,0.06868124999999736,119.00460416666667,119.07328541666666
0.08241749999999115,59,0.06868124999999736,119.08702166666666,119.15570291666666
0.08241749999999115,59,0.06868124999999736,119.16943916666665,119.23812041666665
0.08241749999999115,59,0.06868124999999736,119.25185666666664,119.32053791666664
0.08241749999999115,59,0.06868124999999736,119.33427416666663,119.40295541666663
0.08241749999999115,59,0.06868124999999736,119.41669166666662,119.48537291666662
0.08241749999999115,59,0.06868124999999736,119.49910916666661,119.56779041666661
0.08241749999999115,59,0.06868124999999736,119.5815266666666,119.6502079166666
0.08241749999999115,71,0.06868124999999736,119.6639441666666,119.7326254166666
0.08241749999999115,73,0.10989000000000715,119.74636166666659,119.8562516666666
0.08241750000000536,75,0.10989000000000715,119.82877916666659,119.9386691666666
0.08241750000000536,76,0.10989000000000715,119.9111966666666,120.0210866666666
0.08241750000000536,78,0.10989000000000715,119.9936141666666,120.10350416666661
0.08241750000000536,80,0.10989000000000715,120.07603166666661,120.18592166666662
0.08241750000000536,81,0.10989000000000715,120.15844916666661,120.26833916666662
0.08241750000000536,83,0.10989000000000715,120.24086666666662,120.35075666666663
0.7417575000000056,71,0.10989000000000715,120.98262416666662,121.09251416666663
0.08241750000000536,73,0.10989000000000715,121.06504166666663,121.17493166666664
0.08241750000000536,75,0.10989000000000715,121.14745916666664,121.25734916666664
0.08241750000000536,76,0.10989000000000715,121.22987666666664,121.33976666666665
0.08241750000000536,78,0.10989000000000715,121.31229416666665,121.42218416666665
0.08241750000000536,80,0.10989000000000715,121.39471166666665,121.50460166666666
0.08241750000000536,81,0.10989000000000715,121.47712916666666,121.58701916666666
0.08241750000000536,83,0.10989000000000715,121.55954666666666,121.66943666666667
0.7417575000000056,59,0.06868124999999736,122.30130416666667,122.36998541666667
0.08241749999999115,59,0.06868124999999736,122.38372166666666,122.45240291666666
0.08241749999999115,59,0.06868124999999736,122.46613916666665,122.53482041666665
0.08241749999999115,59,0.06868124999999736,122.54855666666664,122.61723791666664
0.08241749999999115,59,0.06868124999999736,122.63097416666663,122.69965541666663
0.08241749999999115,59,0.06868124999999736,122.71339166666662,122.78207291666662
0.08241749999999115,59,0.06868124999999736,122.79580916666661,122.86449041666661
0.08241749999999115,59,0.06868124999999736,122.8782266666666,122.9469079166666
0.08241749999999115,59,0.06868124999999736,122.9606441666666,123.0293254166666
0.08241749999999115,59,0.06868124999999736,123.04306166666659,123.11174291666659
0.08241749999999115,59,0.06868124999999736,123.12547916666658,123.19416041666658
0.08241749999999115,59,0.06868124999999736,123.20789666666657,123.27657791666657
0.08241749999999115,59,0.06868124999999736,123.29031416666656,123.35899541666656
0.08241749999999115,59,0.06868124999999736,123.37273166666655,123.44141291666655
0.08241749999999115,59,0.06868124999999736,123.45514916666654,123.52383041666654
0.08241749999999115,59,0.06868124999999736,123.53756666666654,123.60624791666653
0.08241749999999115,57,0.06868124999999736,123.61998416666653,123.68866541666652
0.08241749999999115,57,0.06868124999999736,123.70240166666652,123.77108291666651
0.08241749999999115,57,0.06868124999999736,123.78481916666651,123.8535004166665
0.08241749999999115,57,0.06868124999999736,123.8672366666665,123.9359179166665
0.08241749999999115,57,0.06868124999999736,123.94965416666649,124.01833541666649
0.08241749999999115,57,0.06868124999999736,124.03207166666648,124.10075291666648
0.08241749999999115,57,0.06868124999999736,124.11448916666647,124.18317041666647
0.08241749999999115,57,0.06868124999999736,124.19690666666646,124.26558791666646
0.08241749999999115,57,0.06868124999999736,124.27932416666646,124.34800541666645
0.08241749999999115,57,0.06868124999999736,124.36174166666645,124.43042291666644
0.08241749999999115,57,0.06868124999999736,124.44415916666644,124.51284041666644
0.08241749999999115,57,0.06868124999999736,124.52657666666643,124.59525791666643
0.08241749999999115,57,0.06868124999999736,124.60899416666642,124.67767541666642
0.08241749999999115,57,0.06868124999999736,124.69141166666641,124.76009291666641
0.08241749999999115,57,0.06868124999999736,124.7738291666664,124.8425104166664
0.08241749999999115,57,0.06868124999999736,124.8562466666664,124.92492791666639
0.08241749999999115,83,0.10988999999999294,124.93866416666638,125.04855416666638
0.10988999999999294,80,0.10988999999999294,125.04855416666638,125.15844416666637
0.10988999999999294,83,0.10988999999999294,125.15844416666637,125.26833416666636
0.10988999999999294,88,0.10988999999999294,125.26833416666636,125.37822416666636
0.10988999999999294,83,0.10988999999999294,125.37822416666636,125.48811416666635
0.10988999999999294,88,0.10989000000000715,125.48811416666635,125.59800416666636
0.10989000000000715,83,0.10988999999999294,125.59800416666636,125.70789416666635
0.10988999999999294,80,0.10988999999999294,125.70789416666635,125.81778416666634
0.10988999999999294,83,0.10988999999999294,125.81778416666634,125.92767416666634
0.10988999999999294,88,0.10988999999999294,125.92767416666634,126.03756416666633
0.10988999999999294,83,0.10988999999999294,126.03756416666633,126.14745416666632
0.10988999999999294,88,0.10988999999999294,126.14745416666632,126.25734416666631
0.10988999999999294,83,0.10988999999999294,126.25734416666631,126.36723416666631
0.10988999999999294,80,0.10988999999999294,126.36723416666631,126.4771241666663
0.10988999999999294,83,0.10988999999999294,126.4771241666663,126.5870141666663
0.10988999999999294,87,0.10988999999999294,126.5870141666663,126.69690416666629
0.10988999999999294,83,0.10988999999999294,126.69690416666629,126.80679416666628
0.10988999999999294,87,0.10988999999999294,126.80679416666628,126.91668416666627
0.10988999999999294,83,0.10988999999999294,126.91668416666627,127.02657416666626
0.10988999999999294,80,0.10988999999999294,127.02657416666626,127.13646416666626
0.10988999999999294,83,0.10988999999999294,127.13646416666626,127.24635416666625
0.10988999999999294,87,0.10988999999999294,127.24635416666625,127.35624416666624
0.10988999999999294,83,0.10988999999999294,127.35624416666624,127.46613416666624
0.10988999999999294,87,0.10988999999999294,127.46613416666624,127.57602416666623
0.10988999999999294,85,0.6318674999999416,127.57602416666623,128.20789166666617
0.08241749999999115,57,0.06868124999999736,127.65844166666622,127.72712291666622
0.08241749999999115,57,0.06868124999999736,127.74085916666621,127.80954041666621
0.08241749999999115,57,0.06868124999999736,127.8232766666662,127.8919579166662
0.08241749999999115,57,0.06868124999999736,127.9056941666662,127.97437541666619
0.08241749999999115,57,0.06868124999999736,127.98811166666619,128.05679291666618
0.08241749999999115,57,0.06868124999999736,128.07052916666618,128.13921041666617
0.08241749999999115,57,0.06868124999999736,128.15294666666617,128.22162791666616
0.08241749999999115,57,0.06868124999999736,128.23536416666616,128.30404541666616
0.08241749999999115,57,0.06868124999999736,128.31778166666615,128.38646291666615
0.08241749999999115,57,0.06868124999999736,128.40019916666614,128.46888041666614
0.08241749999999115,57,0.06868124999999736,128.48261666666613,128.55129791666613
0.08241749999999115,57,0.06868124999999736,128.56503416666612,128.63371541666612
0.08241749999999115,57,0.06868124999999736,128.64745166666611,128.7161329166661
0.08241749999999115,57,0.06868124999999736,128.7298691666661,128.7985504166661
0.08241749999999115,57,0.06868124999999736,128.8122866666661,128.8809679166661
0.08241750000001957,85,0.10989000000000715,128.89470416666612,129.00459416666612
0.10989000000000715,82,0.10989000000000715,129.00459416666612,129.11448416666613
0.10989000000000715,85,0.10989000000000715,129.11448416666613,129.22437416666614
0.10989000000000715,90,0.10989000000000715,129.22437416666614,129.33426416666615
0.10989000000000715,85,0.10989000000000715,129.33426416666615,129.44415416666615
0.10989000000000715,90,0.10988999999997873,129.44415416666615,129.55404416666613
0.10988999999997873,85,0.10989000000000715,129.55404416666613,129.66393416666614
0.10989000000000715,82,0.10989000000000715,129.66393416666614,129.77382416666615
0.10989000000000715,85,0.10989000000000715,129.77382416666615,129.88371416666615
0.10989000000000715,90,0.10989000000000715,129.88371416666615,129.99360416666616
0.10989000000000715,85,0.10989000000000715,129.99360416666616,130.10349416666617
0.10989000000000715,90,0.10989000000000715,130.10349416666617,130.21338416666617
0.10989000000000715,85,0.10989000000000715,130.21338416666617,130.32327416666618
0.10989000000000715,82,0.10989000000000715,130.32327416666618,130.4331641666662
0.10989000000000715,85,0.10989000000000715,130.4331641666662,130.5430541666662
0.10989000000000715,88,0.10989000000000715,130.5430541666662,130.6529441666662
0.10989000000000715,85,0.10989000000000715,130.6529441666662,130.7628341666662
0.10989000000000715,88,0.10989000000000715,130.7628341666662,130.87272416666622
0.10989000000000715,85,0.10989000000000715,130.87272416666622,130.98261416666622
0.10989000000000715,82,0.10989000000000715,130.98261416666622,131.09250416666623
0.10989000000000715,85,0.10989000000000715,131.09250416666623,131.20239416666624
0.10989000000000715,88,0.10989000000000715,131.20239416666624,131.31228416666625
0.10989000000000715,85,0.10989000000000715,131.31228416666625,131.42217416666625
0.10989000000000715,88,0.10989000000000715,131.42217416666625,131.53206416666626
0.10989000000000715,87,0.6318674999999416,131.53206416666626,132.1639316666662
0.08241749999999115,59,0.06868124999999736,131.61448166666625,131.68316291666625
0.08241749999999115,59,0.06868124999999736,131.69689916666624,131.76558041666624
0.08241749999999115,59,0.06868124999999736,131.77931666666623,131.84799791666623
0.08241749999999115,59,0.06868124999999736,131.86173416666622,131.93041541666622
0.08241749999999115,59,0.06868124999999736,131.94415166666622,132.0128329166662
0.08241749999999115,59,0.06868124999999736,132.0265691666662,132.0952504166662
0.08241749999999115,59,0.06868124999999736,132.1089866666662,132.1776679166662
0.08241749999999115,59,0.06868124999999736,132.1914041666662,132.2600854166662
0.08241749999999115,59,0.06868124999999736,132.27382166666618,132.34250291666618
0.08241749999999115,59,0.06868124999999736,132.35623916666617,132.42492041666617
0.08241749999999115,59,0.06868124999999736,132.43865666666616,132.50733791666616
0.08241749999999115,59,0.06868124999999736,132.52107416666615,132.58975541666615
0.08241749999999115,59,0.06868124999999736,132.60349166666614,132.67217291666614
0.08241749999999115,59,0.06868124999999736,132.68590916666614,132.75459041666613
0.08241749999999115,59,0.06868124999999736,132.76832666666613,132.83700791666612
0.08241750000001957,87,0.10989000000000715,132.85074416666615,132.96063416666615
0.10989000000000715,84,0.10989000000000715,132.96063416666615,133.07052416666616
0.10989000000000715,87,0.10989000000000715,133.07052416666616,133.18041416666617
0.10989000000000715,92,0.10989000000000715,133.18041416666617,133.29030416666617
0.10989000000000715,87,0.10989000000000715,133.29030416666617,133.40019416666618
0.10989000000000715,92,0.10988999999997873,133.40019416666618,133.51008416666616
0.10988999999997873,87,0.10989000000000715,133.51008416666616,133.61997416666617
0.10989000000000715,84,0.10989000000000715,133.61997416666617,133.72986416666618
0.10989000000000715,87,0.10989000000000715,133.72986416666618,133.83975416666618
0.10989000000000715,92,0.10989000000000715,133.83975416666618,133.9496441666662
0.10989000000000715,87,0.10989000000000715,133.9496441666662,134.0595341666662
0.10989000000000715,92,0.10989000000000715,134.0595341666662,134.1694241666662
0.10989000000000715,87,0.10989000000000715,134.1694241666662,134.2793141666662
0.10989000000000715,84,0.10989000000000715,134.2793141666662,134.38920416666622
0.10989000000000715,87,0.10989000000000715,134.38920416666622,134.49909416666623
0.10989000000000715,90,0.10989000000000715,134.49909416666623,134.60898416666623
0.10989000000000715,87,0.10989000000000715,134.60898416666623,134.71887416666624
0.10989000000000715,90,0.10989000000000715,134.71887416666624,134.82876416666625
0.10989000000000715,87,0.10989000000000715,134.82876416666625,134.93865416666625
0.10989000000000715,84,0.10989000000000715,134.93865416666625,135.04854416666626
0.10989000000000715,87,0.10989000000000715,135.04854416666626,135.15843416666627
0.10989000000000715,90,0.10989000000000715,135.15843416666627,135.26832416666628
0.10989000000000715,87,0.10989000000000715,135.26832416666628,135.37821416666628
0.10989000000000715,90,0.10989000000000715,135.37821416666628,135.4881041666663
0.10989000000000715,88,0.6318674999999416,135.4881041666663,136.11997166666623
0.08241749999999115,61,0.06868124999999736,135.57052166666628,135.63920291666628
0.08241749999999115,61,0.06868124999999736,135.65293916666627,135.72162041666627
0.08241749999999115,61,0.06868124999999736,135.73535666666626,135.80403791666626
0.08241749999999115,61,0.06868124999999736,135.81777416666625,135.88645541666625
0.08241749999999115,61,0.06868124999999736,135.90019166666625,135.96887291666624
0.08241749999999115,61,0.06868124999999736,135.98260916666624,136.05129041666623
0.08241749999999115,61,0.06868124999999736,136.06502666666623,136.13370791666622
0.08241749999999115,61,0.06868124999999736,136.14744416666622,136.21612541666622
0.08241749999999115,61,0.06868124999999736,136.2298616666662,136.2985429166662
0.08241749999999115,61,0.06868124999999736,136.3122791666662,136.3809604166662
0.08241749999999115,61,0.06868124999999736,136.3946966666662,136.4633779166662
0.08241749999999115,61,0.06868124999999736,136.47711416666618,136.54579541666618
0.08241749999999115,61,0.06868124999999736,136.55953166666617,136.62821291666617
0.08241749999999115,61,0.06868124999999736,136.64194916666617,136.71063041666616
0.08241749999999115,61,0.06868124999999736,136.72436666666616,136.79304791666615
0.08241750000001957,88,0.10989000000000715,136.80678416666618,136.91667416666618
0.10989000000000715,85,0.10989000000000715,136.91667416666618,137.0265641666662
0.10989000000000715,88,0.10989000000000715,137.0265641666662,137.1364541666662
0.10989000000000715,92,0.10989000000000715,137.1364541666662,137.2463441666662
0.10989000000000715,88,0.10989000000000715,137.2463441666662,137.3562341666662
0.10989000000000715,92,0.10988999999997873,137.3562341666662,137.4661241666662
0.10988999999997873,88,0.10989000000000715,137.4661241666662,137.5760141666662
0.10989000000000715,85,0.10989000000000715,137.5760141666662,137.6859041666662
0.10989000000000715,88,0.10989000000000715,137.6859041666662,137.7957941666662
0.10989000000000715,92,0.10989000000000715,137.7957941666662,137.90568416666622
0.10989000000000715,88,0.10989000000000715,137.90568416666622,138.01557416666623
0.10989000000000715,92,0.10989000000000715,138.01557416666623,138.12546416666623
0.10989000000000715,87,0.10988999999997873,138.12546416666623,138.2353541666662
0.08241749999999115,59,0.06868124999999736,138.20788166666622,138.27656291666622
0.027472499999987576,83,0.10989000000000715,138.2353541666662,138.34524416666622
0.054945000000003574,59,0.06868124999999736,138.29029916666622,138.3589804166662
0.054945000000003574,87,0.10988999999997873,138.34524416666622,138.4551341666662
0.027472499999987576,59,0.06868124999999736,138.3727166666662,138.4413979166662
0.08241749999999115,92,0.10988999999997873,138.4551341666662,138.56502416666618
0.08241749999999115,59,0.06868124999999736,138.5375516666662,138.6062329166662
0.027472499999987576,87,0.10989000000000715,138.56502416666618,138.67491416666618
0.054945000000003574,59,0.06868124999999736,138.61996916666618,138.68865041666618
0.054945000000003574,92,0.10988999999997873,138.67491416666618,138.78480416666616
0.027472499999987576,59,0.06868124999999736,138.70238666666617,138.77106791666617
0.08241749999999115,87,0.10988999999997873,138.78480416666616,138.89469416666614
0.08241749999999115,59,0.06868124999999736,138.86722166666615,138.93590291666615
0.027472499999987576,83,0.10989000000000715,138.89469416666614,139.00458416666615
0.054945000000003574,59,0.06868124999999736,138.94963916666615,139.01832041666614
0.054945000000003574,87,0.10988999999997873,139.00458416666615,139.11447416666613
0.027472499999987576,59,0.06868124999999736,139.03205666666614,139.10073791666613
0.08241749999999115,92,0.10988999999997873,139.11447416666613,139.2243641666661
0.08241749999999115,59,0.06868124999999736,139.19689166666612,139.26557291666612
0.027472499999987576,87,0.10989000000000715,139.2243641666661,139.3342541666661
0.054945000000003574,59,0.06868124999999736,139.2793091666661,139.3479904166661
0.054945000000003574,92,0.10988999999997873,139.3342541666661,139.4441441666661
0.027472499999987576,59,0.06868124999999736,139.3617266666661,139.4304079166661
0.08241749999999115,85,0.10989000000000715,139.4441441666661,139.5540341666661
0.10989000000000715,81,0.10989000000000715,139.5540341666661,139.6639241666661
0.10989000000000715,85,0.10989000000000715,139.6639241666661,139.7738141666661
0.10989000000000715,90,0.10989000000000715,139.7738141666661,139.88370416666612
0.10989000000000715,85,0.10989000000000715,139.88370416666612,139.99359416666613
0.10989000000000715,90,0.10988999999997873,139.99359416666613,140.1034841666661
0.10988999999997873,85,0.10989000000000715,140.1034841666661,140.2133741666661
0.10989000000000715,81,0.10989000000000715,140.2133741666661,140.32326416666612
0.10989000000000715,85,0.10989000000000715,140.32326416666612,140.43315416666613
0.10989000000000715,90,0.10989000000000715,140.43315416666613,140.54304416666614
0.10989000000000715,85,0.10989000000000715,140.54304416666614,140.65293416666614
0.10989000000000715,90,0.10989000000000715,140.65293416666614,140.76282416666615
0.10989000000000715,83,0.10988999999997873,140.76282416666615,140.87271416666613
0.08241749999999115,68,0.06868124999999736,140.84524166666614,140.91392291666614
0.027472499999987576,80,0.10989000000000715,140.87271416666613,140.98260416666614
0.054945000000003574,68,0.06868124999999736,140.92765916666613,140.99634041666613
0.054945000000003574,83,0.10988999999997873,140.98260416666614,141.0924941666661
0.027472499999987576,68,0.06868124999999736,141.01007666666612,141.07875791666612
0.08241749999999115,88,0.10988999999997873,141.0924941666661,141.2023841666661
0.08241749999999115,68,0.06868124999999736,141.1749116666661,141.2435929166661
0.027472499999987576,83,0.10989000000000715,141.2023841666661,141.3122741666661
0.054945000000003574,68,0.06868124999999736,141.2573291666661,141.3260104166661
0.054945000000003574,88,0.10988999999997873,141.3122741666661,141.42216416666608
0.027472499999987576,68,0.06868124999999736,141.3397466666661,141.40842791666608
0.08241749999999115,83,0.10988999999997873,141.42216416666608,141.53205416666606
0.08241749999999115,68,0.06868124999999736,141.50458166666607,141.57326291666607
0.027472499999987576,80,0.10989000000000715,141.53205416666606,141.64194416666606
0.054945000000003574,68,0.06868124999999736,141.58699916666606,141.65568041666606
0.054945000000003574,83,0.10988999999997873,141.64194416666606,141.75183416666604
0.027472499999987576,68,0.06868124999999736,141.66941666666605,141.73809791666605
0.08241749999999115,88,0.10988999999997873,141.75183416666604,141.86172416666602
0.08241749999999115,68,0.06868124999999736,141.83425166666603,141.90293291666603
0.027472499999987576,83,0.10989000000000715,141.86172416666602,141.97161416666603
0.054945000000003574,68,0.06868124999999736,141.91666916666603,141.98535041666602
0.054945000000003574,88,0.10988999999997873,141.97161416666603,142.081504166666
0.027472499999987576,68,0.06868124999999736,141.99908666666602,142.067767916666
0.08241749999999115,81,0.10989000000000715,142.081504166666,142.19139416666602
0.10989000000000715,78,0.10989000000000715,142.19139416666602,142.30128416666602
0.10989000000000715,81,0.10989000000000715,142.30128416666602,142.41117416666603
0.10989000000000715,87,0.10989000000000715,142.41117416666603,142.52106416666604
0.10989000000000715,81,0.10989000000000715,142.52106416666604,142.63095416666604
0.10989000000000715,87,0.10988999999997873,142.63095416666604,142.74084416666602
0.10988999999997873,81,0.10989000000000715,142.74084416666602,142.85073416666603
0.10989000000000715,78,0.10989000000000715,142.85073416666603,142.96062416666604
0.10989000000000715,81,0.10989000000000715,142.96062416666604,143.07051416666604
0.10989000000000715,87,0.10989000000000715,143.07051416666604,143.18040416666605
0.10989000000000715,81,0.10989000000000715,143.18040416666605,143.29029416666606
0.10989000000000715,87,0.10989000000000715,143.29029416666606,143.40018416666607
0.10989000000000715,80,0.10988999999997873,143.40018416666607,143.51007416666604
0.08241749999999115,64,0.06868124999999736,143.48260166666606,143.55128291666605
0.027472499999987576,78,0.10989000000000715,143.51007416666604,143.61996416666605
0.054945000000003574,64,0.06868124999999736,143.56501916666605,143.63370041666604
0.054945000000003574,80,0.10988999999997873,143.61996416666605,143.72985416666603
0.027472499999987576,64,0.06868124999999736,143.64743666666604,143.71611791666604
0.08241749999999115,85,0.10988999999997873,143.72985416666603,143.839744166666
0.08241749999999115,64,0.06868124999999736,143.81227166666602,143.88095291666602
0.027472499999987576,80,0.10989000000000715,143.839744166666,143.94963416666602
0.054945000000003574,64,0.06868124999999736,143.894689166666,143.963370416666
0.054945000000003574,85,0.10988999999997873,143.94963416666602,144.059524166666
0.027472499999987576,64,0.06868124999999736,143.977106666666,144.045787916666
0.08241749999999115,80,0.10988999999997873,144.059524166666,144.16941416666597
0.08241749999999115,61,0.06868124999999736,144.14194166666599,144.21062291666598
0.027472499999987576,78,0.10989000000000715,144.16941416666597,144.27930416666598
0.054945000000003574,61,0.06868124999999736,144.22435916666598,144.29304041666597
0.054945000000003574,80,0.10988999999997873,144.27930416666598,144.38919416666596
0.027472499999987576,61,0.06868124999999736,144.30677666666597,144.37545791666597
0.08241749999999115,85,0.10988999999997873,144.38919416666596,144.49908416666594
0.08241749999999115,61,0.06868124999999736,144.47161166666595,144.54029291666595
0.027472499999987576,80,0.10989000000000715,144.49908416666594,144.60897416666594
0.054945000000003574,61,0.06868124999999736,144.55402916666594,144.62271041666594
0.054945000000003574,85,0.10988999999997873,144.60897416666594,144.71886416666592
0.027472499999987576,61,0.06868124999999736,144.63644666666593,144.70512791666593
0.08241749999999115,80,0.10988999999997873,144.71886416666592,144.8287541666659
0.08241749999999115,56,0.06868124999999736,144.80128166666591,144.8699629166659
0.027472499999987576,75,0.10989000000000715,144.8287541666659,144.9386441666659
0.054945000000003574,56,0.06868124999999736,144.8836991666659,144.9523804166659
0.054945000000003574,80,0.10988999999997873,144.9386441666659,145.0485341666659
0.027472499999987576,56,0.06868124999999736,144.9661166666659,145.0347979166659
0.08241749999999115,85,0.10988999999997873,145.0485341666659,145.15842416666587
0.08241749999999115,56,0.06868124999999736,145.13095166666588,145.19963291666588
0.027472499999987576,80,0.10989000000000715,145.15842416666587,145.26831416666587
0.054945000000003574,56,0.06868124999999736,145.21336916666587,145.28205041666587
0.054945000000003574,85,0.10988999999997873,145.26831416666587,145.37820416666585
0.027472499999987576,56,0.06868124999999736,145.29578666666586,145.36446791666586
0.08241749999999115,80,0.10988999999997873,145.37820416666585,145.48809416666583
0.08241749999999115,56,0.06868124999999736,145.46062166666584,145.52930291666584
0.027472499999987576,75,0.10989000000000715,145.48809416666583,145.59798416666584
0.054945000000003574,56,0.06868124999999736,145.54303916666584,145.61172041666583
0.054945000000003574,80,0.10988999999997873,145.59798416666584,145.70787416666582
0.027472499999987576,56,0.06868124999999736,145.62545666666583,145.69413791666582
0.08241749999999115,85,0.10988999999997873,145.70787416666582,145.8177641666658
0.08241749999999115,56,0.06868124999999736,145.7902916666658,145.8589729166658
0.027472499999987576,80,0.10989000000000715,145.8177641666658,145.9276541666658
0.054945000000003574,56,0.06868124999999736,145.8727091666658,145.9413904166658
0.054945000000003574,85,0.10988999999997873,145.9276541666658,146.03754416666578
0.027472499999987576,56,0.06868124999999736,145.9551266666658,146.0238079166658
0.08241749999999115,80,0.10988999999997873,146.03754416666578,146.14743416666576
0.08241749999999115,56,0.06868124999999736,146.11996166666577,146.18864291666577
0.027472499999987576,75,0.10989000000000715,146.14743416666576,146.25732416666577
0.054945000000003574,56,0.06868124999999736,146.20237916666576,146.27106041666576
0.054945000000003574,80,0.10988999999997873,146.25732416666577,146.36721416666575
0.027472499999987576,56,0.06868124999999736,146.28479666666576,146.35347791666575
0.08241749999999115,84,0.10988999999997873,146.36721416666575,146.47710416666573
0.08241749999999115,56,0.06868124999999736,146.44963166666574,146.51831291666574
0.027472499999987576,80,0.10989000000000715,146.47710416666573,146.58699416666573
0.054945000000003574,56,0.06868124999999736,146.53204916666573,146.60073041666573
0.054945000000003574,84,0.10988999999997873,146.58699416666573,146.6968841666657
0.027472499999987576,56,0.06868124999999736,146.61446666666572,146.68314791666572
0.08241749999999115,80,0.10988999999997873,146.6968841666657,146.8067741666657
0.08241749999999115,56,0.06868124999999736,146.7793016666657,146.8479829166657
0.027472499999987576,75,0.10989000000000715,146.8067741666657,146.9166641666657
0.054945000000003574,56,0.06868124999999736,146.8617191666657,146.9304004166657
0.054945000000003574,80,0.10988999999997873,146.9166641666657,147.02655416666568
0.027472499999987576,56,0.06868124999999736,146.94413666666568,147.01281791666568
0.08241749999999115,84,0.10988999999997873,147.02655416666568,147.13644416666565
0.08241749999999115,56,0.06868124999999736,147.10897166666567,147.17765291666566
0.027472499999987576,78,0.10989000000000715,147.13644416666565,147.24633416666566
0.054945000000003574,56,0.06868124999999736,147.19138916666566,147.26007041666566
0.054945000000003574,84,0.10988999999997873,147.24633416666566,147.35622416666564
0.027472499999987576,56,0.06868124999999736,147.27380666666565,147.34248791666565
0.08241749999999115,85,0.6318674999999985,147.35622416666564,147.98809166666564
0.9890100000000075,73,0.27472499999998945,148.34523416666565,148.61995916666564
0.3296699999999646,80,0.30219750000000545,148.6749041666656,148.97710166666562
0.329669999999993,78,0.16483500000001072,149.0045741666656,149.16940916666562
0.16483500000001072,76,0.1648349999999823,149.16940916666562,149.3342441666656
0.1648349999999823,78,0.30219750000000545,149.3342441666656,149.6364416666656
0.329669999999993,80,0.30219750000000545,149.6639141666656,149.9661116666656
0.329669999999993,81,0.30219750000000545,149.99358416666558,150.2957816666656
0.329669999999993,80,0.6318674999999985,150.32325416666558,150.95512166666558
0.6593400000000145,73,0.30219750000000545,150.9825941666656,151.2847916666656
0.329669999999993,80,0.30219750000000545,151.31226416666559,151.6144616666656
0.329669999999993,78,0.16483500000001072,151.64193416666558,151.8067691666656
0.16483500000001072,76,0.1648349999999823,151.8067691666656,151.97160416666557
0.1648349999999823,78,0.30219750000000545,151.97160416666557,152.27380166666558
0.329669999999993,80,0.30219750000000545,152.30127416666556,152.60347166666557
0.329669999999993,81,0.30219750000000545,152.63094416666556,152.93314166666556
0.329669999999993,80,0.6318674999999985,152.96061416666555,153.59248166666555
0.6593400000000145,73,0.30219750000000545,153.61995416666556,153.92215166666557
0.329669999999993,81,0.30219750000000545,153.94962416666556,154.25182166666556
0.329669999999993,80,0.5494500000000073,154.27929416666555,154.82874416666556
0.6593400000000145,78,0.27472499999998945,154.93863416666557,155.21335916666555
0.3296699999999646,76,0.27472499999998945,155.26830416666553,155.54302916666552
0.3296699999999646,75,0.13736249999999472,155.5979741666655,155.7353366666655
0.1648349999999823,73,0.13736249999999472,155.76280916666548,155.90017166666547
0.16483500000001072,75,0.6593399999999292,155.9276441666655,156.58698416666542
0.6593399999999292,73,0.27847133333335705,156.58698416666542,156.86545549999877
0.335289500000016,80,0.2840908333333232,156.92227366666543,157.20636449999876
0.34090900000001056,80,0.2840908333333232,157.26318266666544,157.54727349999877
0.34090899999998214,80,0.2840908333333232,157.60409166666543,157.88818249999875
0.34090899999998214,80,0.2840908333333232,157.9450006666654,158.22909149999873
0.34090899999998214,80,0.2840908333333232,158.2859096666654,158.5700004999987
0.34090899999998214,80,0.2840908333333232,158.62681866666537,158.9109094999987
0.34090899999998214,80,0.2840908333333232,158.96772766666535,159.25181849999868
0.34090899999998214,81,0.2840908333333232,159.30863666666534,159.59272749999866
0.34090899999998214,81,0.2840908333333232,159.64954566666532,159.93363649999864
0.34090899999998214,82,0.2840908333333232,159.9904546666653,160.27454549999862
0.34090899999998214,82,0.2840908333333232,160.33136366666528,160.6154544999986
0.34090899999998214,83,0.2840908333333232,160.67227266666526,160.9563634999986
0.34090899999998214,83,0.2840908333333232,161.01318166666525,161.29727249999857
0.34090899999998214,84,0.2840908333333232,161.35409066666523,161.63818149999855
0.34090899999998214,84,0.2840908333333232,161.6949996666652,161.97909049999853
0.34090900000001056,85,5.454544000000169,162.03590866666522,167.4904526666654
0.34090900000001056,73,0.2556817500000079,162.37681766666523,162.63249941666524
0.34090900000001056,73,0.2556817500000079,162.71772666666524,162.97340841666525
0.34090900000001056,73,0.2556817500000079,163.05863566666525,163.31431741666526
0.34090900000001056,73,0.2556817500000079,163.39954466666526,163.65522641666527
0.34090900000001056,73,0.2556817500000079,163.74045366666527,163.99613541666528
0.34090900000001056,73,0.2556817500000079,164.08136266666529,164.3370444166653
0.34090900000001056,75,0.2556817500000079,164.4222716666653,164.6779534166653
0.34090900000001056,76,0.2556817500000079,164.7631806666653,165.0188624166653
0.34090900000001056,76,0.2556817500000079,165.10408966666532,165.35977141666532
0.34090900000001056,77,0.2556817500000079,165.44499866666533,165.70068041666534
0.34090900000001056,77,0.2556817500000079,165.78590766666534,166.04158941666535
0.34090900000001056,78,0.2556817500000079,166.12681666666535,166.38249841666536
0.34090900000001056,78,0.2556817500000079,166.46772566666536,166.72340741666537
0.34090900000001056,79,0.2556817500000079,166.80863466666537,167.06431641666538
0.34090900000001056,79,0.2556817500000079,167.14954366666538,167.4052254166654
0.34090900000001056,85,0.19886358333334897,167.4904526666654,167.68931624999874
0.17045450000000528,87,0.17045450000000528,167.6609071666654,167.8313616666654
0.17045450000000528,85,0.19886358333334897,167.8313616666654,168.03022524999875
0.17045450000000528,87,0.17045450000000528,168.0018161666654,168.1722706666654
0.17045450000000528,85,0.8806815833333701,168.1722706666654,169.05295224999878
0.17045450000000528,81,0.17045450000000528,168.34272516666542,168.51317966666542
0.17045450000000528,80,0.19886358333334897,168.51317966666542,168.71204324999877
0.17045450000000528,81,0.17045450000000528,168.68363416666543,168.85408866666543
0.17045450000000528,80,0.8806815833333701,168.85408866666543,169.7347702499988
0.17045450000000528,87,0.17045450000000528,169.02454316666544,169.19499766666544
0.17045450000000528,85,0.19886358333334897,169.19499766666544,169.3938612499988
0.17045450000000528,87,0.17045450000000528,169.36545216666545,169.53590666666545
0.17045450000000528,85,0.8806815833333985,169.53590666666545,170.41658824999885
0.17045450000000528,81,0.17045450000000528,169.70636116666546,169.87681566666546
0.17045450000000528,80,0.19886358333334897,169.87681566666546,170.0756792499988
0.17045450000000528,81,0.16335222916669068,170.04727016666547,170.21062239583216
0.1704545000000337,80,1.3636360000000423,170.2177246666655,171.58136066666555
0.17045450000000528,87,0.17045450000000528,170.3881791666655,170.55863366666551
0.17045450000000528,85,0.19886358333334897,170.55863366666551,170.75749724999886
0.17045450000000528,87,0.17045450000000528,170.72908816666552,170.89954266666552
0.17045450000000528,85,0.19886358333334897,170.89954266666552,171.09840624999887
0.17045450000000528,87,0.17045450000000528,171.06999716666553,171.24045166666554
0.17045450000000528,85,0.19886358333334897,171.24045166666554,171.43931524999888
0.17045450000000528,87,0.16335222916666226,171.41090616666554,171.5742583958322
0.17045450000000528,85,4.090908000000155,171.58136066666555,175.6722686666657
0.17045450000000528,81,0.17045450000000528,171.75181516666555,171.92226966666556
0.17045450000000528,80,0.19886358333334897,171.92226966666556,172.1211332499989
0.17045450000000528,81,0.17045450000000528,172.09272416666556,172.26317866666557
0.17045450000000528,80,0.19886358333334897,172.26317866666557,172.46204224999892
0.17045450000000528,81,0.17045450000000528,172.43363316666557,172.60408766666558
0.17045450000000528,80,0.19886358333334897,172.60408766666558,172.80295124999893
0.17045450000000528,81,0.16335222916666226,172.77454216666558,172.93789439583225
0.17045450000000528,80,1.3636360000000423,172.9449966666656,174.30863266666563
1.3636360000000423,81,0.11363633333334633,174.30863266666563,174.42226899999898
0.08522725000000264,80,0.11363633333334633,174.39385991666563,174.50749624999898
0.08522725000000264,81,0.11363633333334633,174.47908716666564,174.59272349999898
0.08522725000000264,80,0.11363633333334633,174.56431441666564,174.67795074999898
0.08522725000000264,81,0.11363633333334633,174.64954166666564,174.763177999999
0.08522725000000264,80,0.11363633333334633,174.73476891666564,174.848405249999
0.08522725000000264,81,0.11363633333334633,174.81999616666565,174.933632499999
0.08522725000000264,80,0.11363633333334633,174.90522341666565,175.018859749999
0.08522725000000264,81,0.11363633333334633,174.99045066666565,175.104086999999
0.08522725000000264,80,0.11363633333334633,175.07567791666565,175.189314249999
0.08522725000000264,81,0.11363633333334633,175.16090516666566,175.274541499999
0.08522725000000264,80,0.11363633333334633,175.24613241666566,175.359768749999
0.08522725000000264,81,0.11363633333334633,175.33135966666566,175.444995999999
0.08522725000000264,80,0.11363633333334633,175.41658691666566,175.530223249999
0.08522725000000264,81,0.11363633333334633,175.50181416666567,175.615450499999
0.08522725000000264,80,0.08522725000003106,175.58704141666567,175.6722686666657
0.08522725000003106,80,0.27472499999998945,175.6722686666657,175.9469936666657
0.3296699999999646,80,0.27472499999998945,176.00193866666567,176.27666366666566
0.3296699999999646,80,0.27472499999998945,176.33160866666563,176.60633366666562
0.3296699999999646,78,0.13736249999999472,176.6612786666656,176.7986411666656
0.1648349999999823,80,0.13736249999999472,176.82611366666558,176.96347616666557
0.1648349999999823,81,0.8241749999999968,176.99094866666556,177.81512366666556
0.9890100000000075,81,0.13736249999999472,177.97995866666557,178.11732116666556
0.1648349999999823,80,0.13736249999999472,178.14479366666555,178.28215616666554
0.1648349999999823,78,0.27472499999998945,178.30962866666553,178.58435366666552
0.3296699999999646,78,0.27472499999998945,178.6392986666655,178.91402366666549
0.3296699999999646,78,0.27472499999998945,178.96896866666546,179.24369366666545
0.3296699999999646,76,0.13736249999999472,179.29863866666543,179.43600116666542
0.1648349999999823,78,0.13736249999999472,179.4634736666654,179.6008361666654
0.1648349999999823,80,0.8241749999999968,179.6283086666654,180.4524836666654
0.9890100000000075,80,0.13736249999999472,180.6173186666654,180.7546811666654
0.1648349999999823,81,0.13736249999999472,180.78215366666538,180.91951616666537
0.1648349999999823,83,0.27472499999998945,180.94698866666536,181.22171366666535
0.3296699999999646,83,0.27472499999998945,181.27665866666533,181.55138366666532
0.3296699999999646,83,0.27472499999998945,181.6063286666653,181.88105366666528
0.3296699999999646,83,0.13736249999999472,181.93599866666526,182.07336116666525
0.1648349999999823,81,0.13736249999999472,182.10083366666524,182.23819616666523
0.1648349999999823,80,0.27472499999998945,182.26566866666522,182.5403936666652
0.3296699999999646,80,0.27472499999998945,182.59533866666519,182.87006366666517
0.3296699999999646,80,0.27472499999998945,182.92500866666515,183.19973366666514
0.3296699999999646,80,0.13736249999999472,183.25467866666511,183.3920411666651
0.1648349999999823,81,0.13736249999999472,183.4195136666651,183.5568761666651
0.1648349999999823,83,0.27472499999998945,183.58434866666508,183.85907366666507
0.3296699999999646,83,0.27472499999998945,183.91401866666504,184.18874366666503
0.3296699999999646,83,0.27472499999998945,184.243688666665,184.518413666665
0.3296699999999646,83,0.13736249999999472,184.57335866666497,184.71072116666497
0.1648349999999823,81,0.13736249999999472,184.73819366666496,184.87555616666495
0.1648349999999823,80,0.27472499999998945,184.90302866666494,185.17775366666493
0.3296699999999646,80,0.27472499999998945,185.2326986666649,185.5074236666649
0.3296699999999646,80,0.27472499999998945,185.56236866666487,185.83709366666486
0.3296699999999646,80,0.13736249999999472,185.89203866666483,186.02940116666483
0.1648349999999823,81,0.13736249999999472,186.0568736666648,186.1942361666648
0.1648349999999823,83,0.27472499999998945,186.2217086666648,186.49643366666479
0.3296699999999646,83,0.27472499999998945,186.55137866666476,186.82610366666475
0.3296699999999646,83,0.27472499999998945,186.88104866666473,187.15577366666471
0.3296699999999646,85,0.13736249999999472,187.2107186666647,187.34808116666468
0.1648349999999823,80,0.13736249999999472,187.37555366666467,187.51291616666467
0.1648349999999823,78,0.1923074999999983,187.54038866666465,187.73269616666465
0.16483500000001072,71,0.1648349999999823,187.70522366666466,187.87005866666465
0.1648349999999823,73,0.1923074999999983,187.87005866666465,188.06236616666465
0.16483500000001072,71,0.1648349999999823,188.03489366666466,188.19972866666464
0.1648349999999823,75,0.1923074999999983,188.19972866666464,188.39203616666464
0.16483500000001072,73,0.1648349999999823,188.36456366666465,188.52939866666463
0.1648349999999823,76,0.1923074999999983,188.52939866666463,188.72170616666463
0.16483500000001072,73,0.1648349999999823,188.69423366666464,188.85906866666463
0.1648349999999823,78,0.1923074999999983,188.85906866666463,189.05137616666462
0.16483500000001072,76,0.1648349999999823,189.02390366666464,189.18873866666462
0.1648349999999823,78,0.1923074999999983,189.18873866666462,189.38104616666462
0.16483500000001072,76,0.1648349999999823,189.35357366666463,189.5184086666646
0.1648349999999823,81,0.1923074999999983,189.5184086666646,189.7107161666646
0.16483500000001072,80,0.1648349999999823,189.68324366666462,189.8480786666646
0.1648349999999823,83,0.1923074999999983,189.8480786666646,190.0403861666646
0.16483500000001072,81,0.1648349999999823,190.01291366666462,190.1777486666646
0.1648349999999823,71,0.19444425000000365,190.1777486666646,190.3721929166646
0.16666649999999095,69,0.16666650000001937,190.3444151666646,190.5110816666646
0.16666650000001937,73,0.19444425000000365,190.5110816666646,190.7055259166646
0.16666649999999095,71,0.16666650000001937,190.6777481666646,190.84441466666462
0.16666650000001937,75,0.19444425000000365,190.84441466666462,191.03885891666462
0.16666649999999095,73,0.16666650000001937,191.0110811666646,191.17774766666463
0.16666650000001937,76,0.19444425000000365,191.17774766666463,191.37219191666463
0.16666649999999095,73,0.16666650000001937,191.34441416666462,191.51108066666464
0.16666650000001937,78,0.19444425000000365,191.51108066666464,191.70552491666464
0.16666649999999095,76,0.16666650000001937,191.67774716666463,191.84441366666465
0.16666650000001937,80,0.19444425000000365,191.84441366666465,192.03885791666465
0.16666649999999095,78,0.16666650000001937,192.01108016666464,192.17774666666466
0.16666650000001937,81,0.19444425000000365,192.17774666666466,192.37219091666466
0.16666649999999095,80,0.16666650000001937,192.34441316666465,192.51107966666467
0.16666650000001937,83,0.19444425000000365,192.51107966666467,192.70552391666467
0.16666649999999095,81,0.16666650000001937,192.67774616666466,192.84441266666468
0.16666650000001937,80,0.1966291250000154,192.84441266666468,193.0410417916647
0.16853925000000913,76,0.16853925000000913,193.0129519166647,193.1814911666647
0.16853925000000913,80,0.1966291250000154,193.1814911666647,193.37812029166471
0.16853925000000913,76,0.16853925000000913,193.3500304166647,193.51856966666472
0.16853925000000913,80,0.1966291250000154,193.51856966666472,193.71519879166473
0.16853925000000913,76,0.16853925000000913,193.68710891666473,193.85564816666474
0.16853925000000913,80,0.1966291250000154,193.85564816666474,194.05227729166475
0.16853925000000913,76,0.16853925000000913,194.02418741666474,194.19272666666475
0.16853925000000913,81,0.19886358333334897,194.19272666666475,194.3915902499981
0.17045450000000528,76,0.17045450000000528,194.36318116666476,194.53363566666476
0.17045450000000528,78,0.19886358333334897,194.53363566666476,194.7324992499981
0.17045450000000528,76,0.17045450000000528,194.70409016666477,194.87454466666478
0.17045450000000528,81,0.19886358333334897,194.87454466666478,195.07340824999812
0.17045450000000528,76,0.17045450000000528,195.04499916666478,195.21545366666479
0.17045450000000528,78,0.19886358333334897,195.21545366666479,195.41431724999813
0.17045450000000528,76,0.17045450000000528,195.3859081666648,195.5563626666648
0.17045450000000528,83,0.19886358333334897,195.5563626666648,195.75522624999815
0.17045450000000528,76,0.17045450000000528,195.7268171666648,195.8972716666648
0.17045450000000528,78,0.19886358333334897,195.8972716666648,196.09613524999816
0.17045450000000528,76,0.17045450000000528,196.0677261666648,196.23818066666482
0.17045450000000528,83,0.19886358333334897,196.23818066666482,196.43704424999817
0.17045450000000528,76,0.17045450000000528,196.40863516666482,196.57908966666483
0.17045450000000528,78,0.19886358333334897,196.57908966666483,196.77795324999818
0.17045450000000528,76,0.17045450000000528,196.74954416666483,196.91999866666484
0.17045450000000528,85,0.3124999166666669,196.91999866666484,197.2324985833315
0.34090900000001056,87,0.3124999166666669,197.26090766666485,197.57340758333152
0.34090900000001056,88,0.6764063749999991,197.60181666666486,198.27822304166486
0.7061682499999904,88,0.1923074999999983,198.30798491666485,198.50029241666485
0.16483500000001072,83,0.1648349999999823,198.47281991666486,198.63765491666484
0.1648349999999823,88,0.1923074999999983,198.63765491666484,198.82996241666484
0.16483500000001072,83,0.1648349999999823,198.80248991666485,198.96732491666484
0.1648349999999823,85,0.1923074999999983,198.96732491666484,199.15963241666483
0.16483500000001072,83,0.1648349999999823,199.13215991666485,199.29699491666483
0.1648349999999823,88,0.1923074999999983,199.29699491666483,199.48930241666483
0.16483500000001072,83,0.1648349999999823,199.46182991666484,199.62666491666482
0.1648349999999823,85,0.1923074999999983,199.62666491666482,199.81897241666482
0.16483500000001072,83,0.1648349999999823,199.79149991666483,199.95633491666482
0.1648349999999823,88,0.1923074999999983,199.95633491666482,200.1486424166648
0.16483500000001072,83,0.1648349999999823,200.12116991666483,200.2860049166648
0.1648349999999823,85,0.1923074999999983,200.2860049166648,200.4783124166648
0.16483500000001072,83,0.1648349999999823,200.45083991666482,200.6156749166648
0.1648349999999823,88,0.1923074999999983,200.6156749166648,200.8079824166648
0.16483500000001072,83,0.1648349999999823,200.7805099166648,200.9453449166648
0.1648349999999823,88,0.30219750000000545,200.9453449166648,201.2475424166648
0.329669999999993,76,0.30219750000000545,201.2750149166648,201.5772124166648
0.329669999999993,78,0.6593399999999292,201.60468491666478,202.2640249166647
0.6593399999999292,83,0.30219750000000545,202.2640249166647,202.56622241666471
0.329669999999993,81,0.19230749999996988,202.5936949166647,202.78600241666467
0.1648349999999823,80,0.1648349999999823,202.75852991666468,202.92336491666467
0.1648349999999823,81,0.30219750000000545,202.92336491666467,203.22556241666467
0.329669999999993,83,0.30219750000000545,203.25303491666466,203.55523241666467
0.329669999999993,85,0.30219750000000545,203.58270491666465,203.88490241666466
0.329669999999993,83,0.6318674999999985,203.91237491666465,204.54424241666464
0.6593400000000145,76,0.27472499999998945,204.57171491666466,204.84643991666465
0.3296699999999646,83,0.30219750000000545,204.90138491666463,205.20358241666463
0.329669999999993,81,0.16483500000001072,205.23105491666462,205.39588991666463
0.16483500000001072,80,0.1648349999999823,205.39588991666463,205.5607249166646
0.1648349999999823,81,0.30219750000000545,205.5607249166646,205.86292241666462
0.329669999999993,83,0.30219750000000545,205.8903949166646,206.1925924166646
0.329669999999993,85,0.30219750000000545,206.2200649166646,206.5222624166646
0.329669999999993,83,0.6318674999999985,206.5497349166646,207.1816024166646
0.6593400000000145,76,0.30219750000000545,207.2090749166646,207.5112724166646
0.329669999999993,85,0.30219750000000545,207.5387449166646,207.8409424166646
0.329669999999993,83,0.6318674999999985,207.8684149166646,208.5002824166646
0.6593400000000145,81,0.30219750000000545,208.5277549166646,208.8299524166646
0.329669999999993,80,0.30219750000000545,208.8574249166646,209.1596224166646
0.329669999999993,78,0.16483500000001072,209.1870949166646,209.3519299166646
0.16483500000001072,76,0.15796687499999962,209.3519299166646,209.5098967916646
0.16483500000001072,78,0.6593399999999292,209.5167649166646,210.17610491666454
0.6593399999999292,76,0.6318674999999985,210.17610491666454,210.80797241666454
0.9890100000000075,76,0.30219750000000545,211.16511491666455,211.46731241666456
0.329669999999993,83,0.30219750000000545,211.49478491666454,211.79698241666455
0.329669999999993,81,0.16483500000001072,211.82445491666454,211.98928991666455
0.16483500000001072,80,0.1648349999999823,211.98928991666455,212.15412491666453
0.1648349999999823,81,0.30219750000000545,212.15412491666453,212.45632241666453
0.329669999999993,83,0.30219750000000545,212.48379491666452,212.78599241666453
0.329669999999993,85,0.30219750000000545,212.81346491666451,213.11566241666452
0.329669999999993,83,0.6318674999999985,213.1431349166645,213.7750024166645
0.6593400000000145,76,0.30219750000000545,213.80247491666452,214.10467241666453
0.329669999999993,83,0.30219750000000545,214.13214491666452,214.43434241666452
0.329669999999993,81,0.16483500000001072,214.4618149166645,214.62664991666452
0.16483500000001072,80,0.1648349999999823,214.62664991666452,214.7914849166645
0.1648349999999823,81,0.30219750000000545,214.7914849166645,215.0936824166645
0.329669999999993,83,0.30219750000000545,215.1211549166645,215.4233524166645
0.329669999999993,85,0.30219750000000545,215.4508249166645,215.7530224166645
0.329669999999993,83,0.6318674999999985,215.78049491666448,216.41236241666448
0.6593400000000145,76,0.30219750000000545,216.4398349166645,216.7420324166645
0.329669999999993,85,0.30219750000000545,216.7695049166645,217.0717024166645
0.329669999999993,83,0.6318674999999985,217.09917491666448,217.73104241666448
0.6593400000000145,81,0.30219750000000545,217.7585149166645,218.0607124166645
0.329669999999993,80,0.30219750000000545,218.0881849166645,218.3903824166645
0.329669999999993,78,0.16483500000001072,218.41785491666448,218.5826899166645
0.16483500000001072,76,0.15796687499999962,218.5826899166645,218.7406567916645
0.16483500000001072,78,0.6593399999999292,218.7475249166645,219.40686491666443
0.6593399999999292,76,2.136363458333335,219.40686491666443,221.54322837499777
